"BLOCK_HEIGHT","TIME_STAMP"
0, 1231006505
1, 1231469665
2, 1231469744
3, 1231470173
4, 1231470988
5, 1231471428
6, 1231471789
7, 1231472369
8, 1231472743
9, 1231473279
10, 1231473952
11, 1231474360
12, 1231474888
13, 1231475020
14, 1231475589
15, 1231562746
16, 1231562758
17, 1231563791
18, 1231564334
19, 1231564974
20, 1231565995
21, 1231566553
22, 1231567467
23, 1231567611
24, 1231568277
25, 1231568646
26, 1231570450
27, 1231570573
28, 1231601457
29, 1231601503
30, 1231602122
31, 1231602736
32, 1231603171
33, 1231603939
34, 1231604338
35, 1231605153
36, 1231605789
37, 1231606762
38, 1231607488
39, 1231607511
40, 1231608208
41, 1231608903
42, 1231609153
43, 1231609477
44, 1231610361
45, 1231611068
46, 1231611793
47, 1231612888
48, 1231613140
49, 1231613802
50, 1231614698
51, 1231615503
52, 1231616363
53, 1231617190
54, 1231617386
55, 1231618509
56, 1231618848
57, 1231619676
58, 1231620564
59, 1231620928
60, 1231621959
61, 1231622445
62, 1231623224
63, 1231623880
64, 1231624107
65, 1231624503
66, 1231625020
67, 1231626072
68, 1231626618
69, 1231626979
70, 1231627646
71, 1231628459
72, 1231629194
73, 1231630288
74, 1231631189
75, 1231631822
76, 1231632554
77, 1231633184
78, 1231635654
79, 1231645607
80, 1231646077
81, 1231646456
82, 1231647491
83, 1231648583
84, 1231649497
85, 1231650483
86, 1231650986
87, 1231651888
88, 1231652408
89, 1231653209
90, 1231653550
91, 1231654229
92, 1231654561
93, 1231655037
94, 1231655581
95, 1231656204
96, 1231657185
97, 1231658068
98, 1231659133
99, 1231660146
100, 1231660825
